"ip"	"date"	"reason"
"45.190.248.130"	2025-12-07	Russian Bot CLRMO
"91.79.13.191"	2025-12-07	Russian Bot CLRMO
"46.138.221.231"	2025-12-07	Russian Bot CLRMO
"54.39.29.64"	2025-12-07	Russian Bot CLRMO
"192.241.73.249"	2025-12-07	Russian Bot CLRMO
"36.134.129.39"	2025-12-07	Russian Bot CLRMO
"46.161.11.6"	2025-12-07	Russian Bot CLRMO
"103.251.167.10"	2025-12-07	Russian Bot CLRMO
"139.9.169.41"	2025-12-07	Russian Bot CLRMO
"85.195.206.194"	2025-12-07	Russian Bot CLRMO
"185.243.218.46"	2025-12-07	Russian Bot CLRMO
"5.2.79.179"	2025-12-07	Russian Bot CLRMO
"20.48.104.6"	2025-12-07	Russian Bot CLRMO
"181.215.176.44"	2025-12-07	Russian Bot CLRMO
"124.222.108.160"	2025-12-07	Russian Bot CLRMO
"185.197.74.148"	2025-12-07	Russian Bot CLRMO
"89.22.234.69"	2025-12-07	Russian Bot CLRMO
"89.22.232.73"	2025-12-07	Russian Bot CLRMO
"85.143.106.77"	2025-12-07	Russian Bot CLRMO
"124.223.96.23"	2025-12-07	Russian Bot CLRMO
"37.252.15.124"	2025-12-07	Russian Bot CLRMO
"5.183.61.238"	2025-12-07	Russian Bot CLRMO
"161.8.174.48"	2025-12-07	Russian Bot CLRMO
"5.45.83.197"	2025-12-07	Russian Bot CLRMO
"104.227.172.88"	2025-12-07	Russian Bot CLRMO
"185.245.27.75"	2025-12-07	Russian Bot CLRMO
"45.136.228.59"	2025-12-07	Russian Bot CLRMO
"154.92.114.103"	2025-12-07	Russian Bot CLRMO
"155.138.156.38"	2025-12-07	Russian Bot CLRMO
"64.43.89.235"	2025-12-07	Russian Bot CLRMO
"45.136.228.228"	2025-12-07	Russian Bot CLRMO
"154.85.124.172"	2025-12-07	Russian Bot CLRMO
"84.21.188.68"	2025-12-07	Russian Bot CLRMO
"198.98.51.189"	2025-12-07	Russian Bot CLRMO
"188.134.68.55"	2025-12-07	Russian Bot CLRMO
"45.72.55.27"	2025-12-07	Russian Bot CLRMO
"95.164.135.147"	2025-12-07	Russian Bot CLRMO
"94.158.36.183"	2025-12-07	Russian Bot CLRMO
"104.144.26.96"	2025-12-07	Russian Bot CLRMO
"37.1.218.194"	2025-12-07	Russian Bot CLRMO
"8.41.37.237"	2025-12-07	Russian Bot CLRMO
"107.152.170.32"	2025-12-07	Russian Bot CLRMO
"45.158.49.216"	2025-12-07	Russian Bot CLRMO
"176.67.13.216"	2025-12-07	Russian Bot CLRMO
"109.227.97.219"	2025-12-07	Russian Bot CLRMO
"91.244.62.157"	2025-12-07	Russian Bot CLRMO
"45.158.48.136"	2025-12-07	Russian Bot CLRMO
"92.43.80.98"	2025-12-07	Russian Bot CLRMO
"212.55.79.10"	2025-12-07	Russian Bot CLRMO
"176.67.18.120"	2025-12-07	Russian Bot CLRMO
"45.158.48.188"	2025-12-07	Russian Bot CLRMO
"92.43.80.215"	2025-12-07	Russian Bot CLRMO
"94.230.208.147"	2025-12-07	Russian Bot CLRMO
"185.220.100.246"	2025-12-07	Russian Bot CLRMO
"37.139.179.19"	2025-12-07	Russian Bot CLRMO
"46.53.243.51"	2025-12-07	Russian Bot CLRMO
"91.238.44.25"	2025-12-07	Russian Bot CLRMO
"91.244.13.58"	2025-12-07	Russian Bot CLRMO
"46.138.244.129"	2025-12-07	Russian Bot CLRMO
"185.26.40.36"	2025-12-07	Russian Bot CLRMO
"212.55.79.59"	2025-12-07	Russian Bot CLRMO
"84.17.43.195"	2025-12-07	Russian Bot CLRMO
"193.169.22.197"	2025-12-07	Russian Bot CLRMO
"91.244.13.247"	2025-12-07	Russian Bot CLRMO
"91.209.65.83"	2025-12-07	Russian Bot CLRMO
"92.43.80.160"	2025-12-07	Russian Bot CLRMO
"45.158.49.169"	2025-12-07	Russian Bot CLRMO
"91.244.12.175"	2025-12-07	Russian Bot CLRMO
"77.245.209.140"	2025-12-07	Russian Bot CLRMO
"103.53.219.112"	2025-12-07	Russian Bot CLRMO
"5.45.69.150"	2025-12-07	Russian Bot CLRMO
"193.29.33.235"	2025-12-07	Russian Bot CLRMO
"37.139.53.17"	2025-12-07	Russian Bot CLRMO
"178.18.3.61"	2025-12-07	Russian Bot CLRMO
"185.102.50.150"	2025-12-07	Russian Bot CLRMO
"145.255.250.212"	2025-12-07	Russian Bot CLRMO
"77.245.209.86"	2025-12-07	Russian Bot CLRMO
"45.158.49.95"	2025-12-07	Russian Bot CLRMO
"77.245.223.138"	2025-12-07	Russian Bot CLRMO
"91.238.46.62"	2025-12-07	Russian Bot CLRMO
"85.26.165.210"	2025-12-07	Russian Bot CLRMO
"92.43.80.51"	2025-12-07	Russian Bot CLRMO
"85.26.232.202"	2025-12-07	Russian Bot CLRMO
"185.190.42.200"	2025-12-07	Russian Bot CLRMO
"185.26.41.182"	2025-12-07	Russian Bot CLRMO
"95.216.28.248"	2025-12-07	Russian Bot CLRMO
"185.26.40.226"	2025-12-07	Russian Bot CLRMO
"212.227.115.239"	2025-12-07	Russian Bot CLRMO
"185.100.87.253"	2025-12-07	Russian Bot CLRMO
"77.245.219.3"	2025-12-07	Russian Bot CLRMO
"81.22.57.201"	2025-12-07	Russian Bot CLRMO
"77.245.219.222"	2025-12-07	Russian Bot CLRMO
"145.255.251.10"	2025-12-07	Russian Bot CLRMO
"77.245.218.2"	2025-12-07	Russian Bot CLRMO
"212.192.24.133"	2025-12-07	Russian Bot CLRMO
"217.77.98.207"	2025-12-07	Russian Bot CLRMO
"193.169.22.45"	2025-12-07	Russian Bot CLRMO
"95.217.38.189"	2025-12-07	Russian Bot CLRMO
"95.217.84.35"	2025-12-07	Russian Bot CLRMO
"65.21.95.243"	2025-12-07	Russian Bot CLRMO
"65.21.192.62"	2025-12-07	Russian Bot CLRMO
"89.22.233.6"	2025-12-07	Russian Bot CLRMO
"135.181.136.96"	2025-12-07	Russian Bot CLRMO
"212.102.39.87"	2025-12-07	Russian Bot CLRMO
"77.246.105.178"	2025-12-07	Russian Bot CLRMO
"5.35.32.125"	2025-12-07	Russian Bot CLRMO
"104.28.230.247"	2025-12-07	Russian Bot CLRMO
"77.245.216.140"	2025-12-07	Russian Bot CLRMO
"185.26.40.193"	2025-12-07	Russian Bot CLRMO
"178.176.86.200"	2025-12-07	Russian Bot CLRMO
"185.127.26.25"	2025-12-07	Russian Bot CLRMO
"145.255.254.79"	2025-12-07	Russian Bot CLRMO
"185.220.101.84"	2025-12-07	Russian Bot CLRMO
"185.220.101.63"	2025-12-07	Russian Bot CLRMO
"185.246.188.73"	2025-12-07	Russian Bot CLRMO
"45.138.16.107"	2025-12-07	Russian Bot CLRMO
"91.203.5.115"	2025-12-07	Russian Bot CLRMO
"151.80.148.159"	2025-12-07	Russian Bot CLRMO
"185.220.101.1"	2025-12-07	Russian Bot CLRMO
"45.141.215.81"	2025-12-07	Russian Bot CLRMO
"192.42.116.213"	2025-12-07	Russian Bot CLRMO
"192.42.116.193"	2025-12-07	Russian Bot CLRMO
"188.213.34.118"	2025-12-07	Russian Bot CLRMO
"178.175.128.41"	2025-12-07	Russian Bot CLRMO
"5.42.66.20"	2025-12-07	Russian Bot CLRMO
"77.246.102.95"	2025-12-07	Russian Bot CLRMO
"91.238.45.81"	2025-12-07	Russian Bot CLRMO
"38.170.6.30"	2025-12-07	Russian Bot CLRMO
"185.220.101.27"	2025-12-07	Russian Bot CLRMO
"185.149.146.53"	2025-12-07	Russian Bot CLRMO
"185.186.245.71"	2025-12-07	Russian Bot CLRMO
"212.192.24.123"	2025-12-07	Russian Bot CLRMO
"178.176.85.73"	2025-12-07	Russian Bot CLRMO
"58.212.42.22"	2025-12-07	Russian Bot CLRMO
"81.200.221.55"	2025-12-07	Russian Bot CLRMO
"178.70.233.5"	2025-12-07	Russian Bot CLRMO
"178.176.83.173"	2025-12-07	Russian Bot CLRMO
"91.224.32.181"	2025-12-07	Russian Bot CLRMO
"2.58.95.35"	2025-12-07	Russian Bot CLRMO
"46.166.139.111"	2025-12-07	Russian Bot CLRMO
"185.220.100.253"	2025-12-07	Russian Bot CLRMO
"159.69.20.177"	2025-12-07	Russian Bot CLRMO
"178.176.82.87"	2025-12-07	Russian Bot CLRMO
"77.245.220.144"	2025-12-07	Russian Bot CLRMO
"145.255.251.181"	2025-12-07	Russian Bot CLRMO
"145.255.251.240"	2025-12-07	Russian Bot CLRMO
"172.86.68.150"	2025-12-07	Russian Bot CLRMO
"178.175.128.45"	2025-12-07	Russian Bot CLRMO
"84.54.51.31"	2025-12-07	Russian Bot CLRMO
"192.169.7.79"	2025-12-07	Russian Bot CLRMO
"81.200.221.185"	2025-12-07	Russian Bot CLRMO
"91.238.46.65"	2025-12-07	Russian Bot CLRMO
"165.231.182.100"	2025-12-07	Russian Bot CLRMO
"192.144.39.173"	2025-12-07	Russian Bot CLRMO
"213.232.235.104"	2025-12-07	Russian Bot CLRMO
"192.144.39.132"	2025-12-07	Russian Bot CLRMO
"54.39.18.217"	2025-12-07	Russian Bot CLRMO
"178.159.37.28"	2025-12-07	Russian Bot CLRMO
"195.123.228.18"	2025-12-07	Russian Bot CLRMO
"176.212.246.247"	2025-12-07	Russian Bot CLRMO
"91.121.209.11"	2025-12-07	Russian Bot CLRMO
"91.238.45.109"	2025-12-07	Russian Bot CLRMO
"38.180.115.61"	2025-12-07	Russian Bot CLRMO
"192.144.39.156"	2025-12-07	Russian Bot CLRMO
"91.229.239.235"	2025-12-07	Russian Bot CLRMO
"192.144.39.60"	2025-12-07	Russian Bot CLRMO
"191.102.170.112"	2025-12-07	Russian Bot CLRMO
"195.123.228.112"	2025-12-07	Russian Bot CLRMO
"176.123.1.108"	2025-12-07	Russian Bot CLRMO
"94.103.188.103"	2025-12-07	Russian Bot CLRMO
"62.197.49.27"	2025-12-07	Russian Bot CLRMO
"178.175.129.38"	2025-12-07	Russian Bot CLRMO
"178.175.128.36"	2025-12-07	Russian Bot CLRMO
"46.8.23.57"	2025-12-07	Russian Bot CLRMO
"46.8.14.161"	2025-12-07	Russian Bot CLRMO
"188.130.185.97"	2025-12-07	Russian Bot CLRMO
"185.181.244.202"	2025-12-07	Russian Bot CLRMO
"31.40.203.15"	2025-12-07	Russian Bot CLRMO
"2.59.50.134"	2025-12-07	Russian Bot CLRMO
"188.130.137.208"	2025-12-07	Russian Bot CLRMO
"46.8.223.160"	2025-12-07	Russian Bot CLRMO
"188.130.128.59"	2025-12-07	Russian Bot CLRMO
"46.8.106.233"	2025-12-07	Russian Bot CLRMO
"188.130.218.96"	2025-12-07	Russian Bot CLRMO
"45.15.73.51"	2025-12-07	Russian Bot CLRMO
"45.86.1.215"	2025-12-07	Russian Bot CLRMO
"185.181.244.61"	2025-12-07	Russian Bot CLRMO
"46.8.192.29"	2025-12-07	Russian Bot CLRMO
"46.8.57.67"	2025-12-07	Russian Bot CLRMO
"45.87.252.112"	2025-12-07	Russian Bot CLRMO
"188.130.186.105"	2025-12-07	Russian Bot CLRMO
"46.8.22.165"	2025-12-07	Russian Bot CLRMO
"46.8.106.102"	2025-12-07	Russian Bot CLRMO
"46.8.22.231"	2025-12-07	Russian Bot CLRMO
"194.35.113.246"	2025-12-07	Russian Bot CLRMO
"188.130.128.93"	2025-12-07	Russian Bot CLRMO
"45.15.73.213"	2025-12-07	Russian Bot CLRMO
"188.130.220.109"	2025-12-07	Russian Bot CLRMO
"188.130.137.6"	2025-12-07	Russian Bot CLRMO
"188.130.221.129"	2025-12-07	Russian Bot CLRMO
"46.8.23.11"	2025-12-07	Russian Bot CLRMO
"45.15.72.22"	2025-12-07	Russian Bot CLRMO
"188.130.143.75"	2025-12-07	Russian Bot CLRMO
"188.130.220.5"	2025-12-07	Russian Bot CLRMO
"109.248.13.22"	2025-12-07	Russian Bot CLRMO
"46.8.212.243"	2025-12-07	Russian Bot CLRMO
"213.232.235.91"	2025-12-07	Russian Bot CLRMO
"109.248.139.82"	2025-12-07	Russian Bot CLRMO
"46.8.22.239"	2025-12-07	Russian Bot CLRMO
"46.8.154.196"	2025-12-07	Russian Bot CLRMO
"194.34.248.39"	2025-12-07	Russian Bot CLRMO
"46.8.110.142"	2025-12-07	Russian Bot CLRMO
"109.248.55.203"	2025-12-07	Russian Bot CLRMO
"95.182.126.186"	2025-12-07	Russian Bot CLRMO
"109.72.127.188"	2025-12-07	Russian Bot CLRMO
"37.120.247.217"	2025-12-07	Russian Bot CLRMO
"46.8.22.42"	2025-12-07	Russian Bot CLRMO
"178.70.230.248"	2025-12-07	Russian Bot CLRMO
"109.248.142.122"	2025-12-07	Russian Bot CLRMO
"188.130.221.32"	2025-12-07	Russian Bot CLRMO
"95.182.124.47"	2025-12-07	Russian Bot CLRMO
"46.8.156.77"	2025-12-07	Russian Bot CLRMO
"185.181.245.121"	2025-12-07	Russian Bot CLRMO
"91.238.45.252"	2025-12-07	Russian Bot CLRMO
"195.123.246.120"	2025-12-07	Russian Bot CLRMO
"46.8.155.126"	2025-12-07	Russian Bot CLRMO
"185.181.246.89"	2025-12-07	Russian Bot CLRMO
"46.8.22.118"	2025-12-07	Russian Bot CLRMO
"188.130.143.111"	2025-12-07	Russian Bot CLRMO
"109.248.49.229"	2025-12-07	Russian Bot CLRMO
"46.8.213.113"	2025-12-07	Russian Bot CLRMO
"5.183.130.218"	2025-12-07	Russian Bot CLRMO
"91.238.47.106"	2025-12-07	Russian Bot CLRMO
"46.8.11.150"	2025-12-07	Russian Bot CLRMO
"62.3.6.71"	2025-12-07	Russian Bot CLRMO
"109.72.127.147"	2025-12-07	Russian Bot CLRMO
"27.0.234.153"	2025-12-07	Russian Bot CLRMO
"185.125.50.101"	2025-12-07	Russian Bot CLRMO
"45.86.86.223"	2025-12-07	Russian Bot CLRMO
"193.168.141.21"	2025-12-07	Russian Bot CLRMO
"138.199.59.54"	2025-12-07	Russian Bot CLRMO
"185.125.50.5"	2025-12-07	Russian Bot CLRMO
"45.86.86.63"	2025-12-07	Russian Bot CLRMO
"31.167.244.154"	2025-12-07	Russian Bot CLRMO
"212.102.39.94"	2025-12-07	Russian Bot CLRMO
"146.70.80.79"	2025-12-07	Russian Bot CLRMO
"178.159.37.56"	2025-12-07	Russian Bot CLRMO
"176.123.2.160"	2025-12-07	Russian Bot CLRMO
"77.238.237.38"	2025-12-07	Russian Bot CLRMO
"81.200.223.215"	2025-12-07	Russian Bot CLRMO
"81.22.52.70"	2025-12-07	Russian Bot CLRMO
"178.18.15.20"	2025-12-07	Russian Bot CLRMO
"178.18.0.213"	2025-12-07	Russian Bot CLRMO
"94.103.83.241"	2025-12-07	Russian Bot CLRMO
"31.166.206.181"	2025-12-07	Russian Bot CLRMO
"91.224.32.228"	2025-12-07	Russian Bot CLRMO
"185.203.242.78"	2025-12-07	Russian Bot CLRMO
"93.170.204.75"	2025-12-07	Russian Bot CLRMO
"185.231.154.245"	2025-12-07	Russian Bot CLRMO
"31.167.209.81"	2025-12-07	Russian Bot CLRMO
"178.18.3.208"	2025-12-07	Russian Bot CLRMO
"178.18.1.87"	2025-12-07	Russian Bot CLRMO
"45.232.75.126"	2025-12-07	Russian Bot CLRMO
"93.170.204.139"	2025-12-07	Russian Bot CLRMO
"61.2.25.218"	2025-12-07	Russian Bot CLRMO
"149.88.20.135"	2025-12-07	Russian Bot CLRMO
"185.209.28.214"	2025-12-07	Russian Bot CLRMO
"196.244.192.230"	2025-12-07	Russian Bot CLRMO
"188.130.187.52"	2025-12-07	Russian Bot CLRMO
"84.247.59.59"	2025-12-07	Russian Bot CLRMO
"84.247.59.12"	2025-12-07	Russian Bot CLRMO
"31.10.63.135"	2025-12-07	Russian Bot CLRMO
"84.247.59.31"	2025-12-07	Russian Bot CLRMO
"93.61.108.20"	2025-12-07	Russian Bot CLRMO
"84.247.59.44"	2025-12-07	Russian Bot CLRMO
"87.251.79.133"	2025-12-07	Russian Bot CLRMO
"195.2.85.49"	2025-12-07	Russian Bot CLRMO
"84.247.59.28"	2025-12-07	Russian Bot CLRMO
"84.247.59.9"	2025-12-07	Russian Bot CLRMO
"84.247.59.39"	2025-12-07	Russian Bot CLRMO
"185.181.245.141"	2025-12-07	Russian Bot CLRMO
"93.170.204.114"	2025-12-07	Russian Bot CLRMO
"92.251.103.63"	2025-12-07	Russian Bot CLRMO
"93.170.204.104"	2025-12-07	Russian Bot CLRMO
"176.224.103.108"	2025-12-07	Russian Bot CLRMO
"89.110.73.21"	2025-12-07	Russian Bot CLRMO
"178.79.150.252"	2025-12-07	Russian Bot CLRMO
"109.248.14.242"	2025-12-07	Russian Bot CLRMO
"84.54.47.190"	2025-12-07	Russian Bot CLRMO
"65.108.13.173"	2025-12-07	Russian Bot CLRMO
"178.250.185.186"	2025-12-07	Russian Bot CLRMO
"45.88.149.180"	2025-12-07	Russian Bot CLRMO
"178.20.42.38"	2025-12-07	Russian Bot CLRMO
"89.110.87.170"	2025-12-07	Russian Bot CLRMO
"188.130.184.93"	2025-12-07	Russian Bot CLRMO
"178.23.189.67"	2025-12-07	Russian Bot CLRMO
"195.2.70.49"	2025-12-07	Russian Bot CLRMO
"109.248.143.207"	2025-12-07	Russian Bot CLRMO
"188.130.187.16"	2025-12-07	Russian Bot CLRMO
"45.90.196.85"	2025-12-07	Russian Bot CLRMO
"194.164.34.56"	2025-12-07	Russian Bot CLRMO
"191.101.209.146"	2025-12-07	Russian Bot CLRMO
"212.115.49.182"	2025-12-07	Russian Bot CLRMO
"188.126.89.122"	2025-12-07	Russian Bot CLRMO
"77.238.251.212"	2025-12-07	Russian Bot CLRMO
"178.20.46.206"	2025-12-07	Russian Bot CLRMO
"185.106.28.191"	2025-12-07	Russian Bot CLRMO
"62.113.113.106"	2025-12-07	Russian Bot CLRMO
"195.2.75.64"	2025-12-07	Russian Bot CLRMO
"195.2.84.178"	2025-12-07	Russian Bot CLRMO
"195.2.76.117"	2025-12-07	Russian Bot CLRMO
"93.183.93.32"	2025-12-07	Russian Bot CLRMO
"93.183.94.206"	2025-12-07	Russian Bot CLRMO
"84.54.44.30"	2025-12-07	Russian Bot CLRMO
"94.103.91.198"	2025-12-07	Russian Bot CLRMO
"93.183.92.77"	2025-12-07	Russian Bot CLRMO
"212.34.147.142"	2025-12-07	Russian Bot CLRMO
"62.113.115.161"	2025-12-07	Russian Bot CLRMO
"194.164.34.20"	2025-12-07	Russian Bot CLRMO
"31.167.45.44"	2025-12-07	Russian Bot CLRMO
"89.110.72.212"	2025-12-07	Russian Bot CLRMO
"94.103.88.177"	2025-12-07	Russian Bot CLRMO
"45.139.176.91"	2025-12-07	Russian Bot CLRMO
"195.2.76.183"	2025-12-07	Russian Bot CLRMO
"185.245.105.171"	2025-12-07	Russian Bot CLRMO
"77.238.235.209"	2025-12-07	Russian Bot CLRMO
"195.2.85.110"	2025-12-07	Russian Bot CLRMO
"178.20.40.59"	2025-12-07	Russian Bot CLRMO
"185.220.101.2"	2025-12-07	Russian Bot CLRMO
"176.224.122.16"	2025-12-07	Russian Bot CLRMO
"62.113.116.199"	2025-12-07	Russian Bot CLRMO
"161.77.232.57"	2025-12-07	Russian Bot CLRMO
"80.67.172.162"	2025-12-07	Russian Bot CLRMO
"31.166.152.209"	2025-12-07	Russian Bot CLRMO
"91.184.244.86"	2025-12-07	Russian Bot CLRMO
"192.42.116.198"	2025-12-07	Russian Bot CLRMO
"109.70.100.5"	2025-12-07	Russian Bot CLRMO
"192.42.116.196"	2025-12-07	Russian Bot CLRMO
"46.8.111.42"	2025-12-07	Russian Bot CLRMO
"212.34.141.234"	2025-12-07	Russian Bot CLRMO
"192.42.116.219"	2025-12-07	Russian Bot CLRMO
"95.165.172.108"	2025-12-07	Russian Bot CLRMO
"185.39.207.114"	2025-12-07	Russian Bot CLRMO
"188.130.187.79"	2025-12-07	Russian Bot CLRMO
"91.84.100.21"	2025-12-07	Russian Bot CLRMO
"85.193.65.155"	2025-12-07	Russian Bot CLRMO
"5.255.106.172"	2025-12-07	Russian Bot CLRMO
"37.139.53.195"	2025-12-07	Russian Bot CLRMO
"107.174.244.108"	2025-12-07	Russian Bot CLRMO
"46.232.115.69"	2025-12-07	Russian Bot CLRMO
"193.135.13.91"	2025-12-07	Russian Bot CLRMO
"92.119.229.225"	2025-12-07	Russian Bot CLRMO
"188.119.114.190"	2025-12-07	Russian Bot CLRMO
"185.170.114.25"	2025-12-07	Russian Bot CLRMO
"179.43.191.19"	2025-12-07	Russian Bot CLRMO
"188.130.143.19"	2025-12-07	Russian Bot CLRMO
"178.172.152.73"	2025-12-07	Russian Bot CLRMO
"45.84.107.55"	2025-12-07	Russian Bot CLRMO
"185.129.62.62"	2025-12-07	Russian Bot CLRMO
"195.20.19.198"	2025-12-07	Russian Bot CLRMO
"188.126.89.89"	2025-12-07	Russian Bot CLRMO
"46.8.223.52"	2025-12-07	Russian Bot CLRMO
"45.88.78.37"	2025-12-07	Russian Bot CLRMO
"154.30.109.125"	2025-12-07	Russian Bot CLRMO
"91.201.113.132"	2025-12-07	Russian Bot CLRMO
"91.84.113.162"	2025-12-07	Russian Bot CLRMO
"46.8.111.68"	2025-12-07	Russian Bot CLRMO
"185.121.234.211"	2025-12-07	Russian Bot CLRMO
"185.245.106.236"	2025-12-07	Russian Bot CLRMO
"195.200.31.148"	2025-12-07	Russian Bot CLRMO
"104.192.3.74"	2025-12-07	Russian Bot CLRMO
"91.84.98.84"	2025-12-07	Russian Bot CLRMO
"212.34.140.72"	2025-12-07	Russian Bot CLRMO
"91.84.96.34"	2025-12-07	Russian Bot CLRMO
"195.26.224.102"	2025-12-07	Russian Bot CLRMO
"91.84.99.141"	2025-12-07	Russian Bot CLRMO
"91.84.108.218"	2025-12-07	Russian Bot CLRMO
"91.84.106.2"	2025-12-07	Russian Bot CLRMO
"51.211.9.218"	2025-12-07	Russian Bot CLRMO
"223.204.176.78"	2025-12-07	Russian Bot CLRMO
"103.229.83.122"	2025-12-07	Russian Bot CLRMO
"212.34.147.119"	2025-12-07	Russian Bot CLRMO
"107.189.8.70"	2025-12-07	Russian Bot CLRMO
"45.86.1.200"	2025-12-07	Russian Bot CLRMO
"92.119.193.96"	2025-12-07	Russian Bot CLRMO
"84.54.47.64"	2025-12-07	Russian Bot CLRMO
"88.210.52.122"	2025-12-07	Russian Bot CLRMO
"149.102.244.21"	2025-12-07	Russian Bot CLRMO
"82.147.84.194"	2025-12-07	Russian Bot CLRMO
"82.147.85.86"	2025-12-07	Russian Bot CLRMO
"45.15.72.229"	2025-12-07	Russian Bot CLRMO
"149.36.50.141"	2025-12-07	Russian Bot CLRMO
"107.174.244.121"	2025-12-07	Russian Bot CLRMO
"37.235.210.211"	2025-12-07	Russian Bot CLRMO
"109.172.84.31"	2025-12-07	Russian Bot CLRMO
"109.172.91.91"	2025-12-07	Russian Bot CLRMO
"196.251.81.2"	2025-12-07	Russian Bot CLRMO
"185.15.38.83"	2025-12-07	Russian Bot CLRMO
"185.207.67.228"	2025-12-07	Russian Bot CLRMO
"185.121.235.184"	2025-12-07	Russian Bot CLRMO
"37.113.35.16"	2025-12-07	Russian Bot CLRMO
"89.110.118.225"	2025-12-07	Russian Bot CLRMO
"95.216.113.59"	2025-12-07	Russian Bot CLRMO
"79.127.224.106"	2025-12-07	Russian Bot CLRMO
"79.127.224.107"	2025-12-07	Russian Bot CLRMO
"45.90.185.116"	2025-12-07	Russian Bot CLRMO
"45.84.107.172"	2025-12-07	Russian Bot CLRMO
"91.237.179.204"	2025-12-07	Russian Bot CLRMO
"193.41.86.249"	2025-12-07	Russian Bot CLRMO
"178.20.42.76"	2025-12-07	Russian Bot CLRMO
"5.159.112.249"	2025-12-07	Russian Bot CLRMO
"5.1.0.90"	2025-12-07	Russian Bot CLRMO
"5.22.207.36"	2025-12-07	Russian Bot CLRMO
"91.185.79.47"	2025-12-07	Russian Bot CLRMO
"62.113.116.213"	2025-12-07	Russian Bot CLRMO
"185.15.38.115"	2025-12-07	Russian Bot CLRMO
"5.22.204.241"	2025-12-07	Russian Bot CLRMO
"84.54.47.82"	2025-12-07	Russian Bot CLRMO
"82.211.8.198"	2025-12-07	Russian Bot CLRMO
"79.127.224.101"	2025-12-07	Russian Bot CLRMO
"77.238.232.202"	2025-12-07	Russian Bot CLRMO
"37.113.10.101"	2025-12-07	Russian Bot CLRMO
"185.241.208.204"	2025-12-07	Russian Bot CLRMO
"93.183.126.103"	2025-12-07	Russian Bot CLRMO
"109.184.106.21"	2025-12-07	Russian Bot CLRMO
"178.20.40.20"	2025-12-07	Russian Bot CLRMO
"178.155.23.6"	2025-12-07	Russian Bot CLRMO
"89.110.105.194"	2025-12-07	Russian Bot CLRMO
"213.135.156.181"	2025-12-07	Russian Bot CLRMO
"147.45.240.190"	2025-12-07	Russian Bot CLRMO
"178.159.37.79"	2025-12-07	Russian Bot CLRMO
"93.81.249.57"	2025-12-07	Russian Bot CLRMO
"93.204.90.196"	2025-12-07	Russian Bot CLRMO
"91.84.111.146"	2025-12-07	Russian Bot CLRMO
"91.84.113.5"	2025-12-07	Russian Bot CLRMO
"195.26.225.132"	2025-12-07	Russian Bot CLRMO
"195.114.156.37"	2025-12-07	Russian Bot CLRMO
"176.65.149.87"	2025-12-07	Russian Bot CLRMO
"185.157.212.152"	2025-12-07	Russian Bot CLRMO
"79.127.224.102"	2025-12-07	Russian Bot CLRMO
"45.87.212.59"	2025-12-07	Russian Bot CLRMO
"193.27.14.184"	2025-12-07	Russian Bot CLRMO
"185.245.104.241"	2025-12-07	Russian Bot CLRMO
"45.87.212.62"	2025-12-07	Russian Bot CLRMO
"146.70.107.16"	2025-12-07	Russian Bot CLRMO
"217.138.194.123"	2025-12-07	Russian Bot CLRMO
"5.1.7.183"	2025-12-07	Russian Bot CLRMO
"146.70.176.252"	2025-12-07	Russian Bot CLRMO
"217.138.194.119"	2025-12-07	Russian Bot CLRMO
"142.173.182.141"	2025-12-07	Russian Bot CLRMO
"79.127.224.109"	2025-12-07	Russian Bot CLRMO
"146.70.123.107"	2025-12-07	Russian Bot CLRMO
"45.87.212.71"	2025-12-07	Russian Bot CLRMO
"146.70.101.38"	2025-12-07	Russian Bot CLRMO
"146.70.123.110"	2025-12-07	Russian Bot CLRMO
"192.42.116.200"	2025-12-07	Russian Bot CLRMO
"146.70.107.29"	2025-12-07	Russian Bot CLRMO
"146.70.123.109"	2025-12-07	Russian Bot CLRMO
"95.31.46.14"	2025-12-07	Russian Bot CLRMO
"45.87.212.58"	2025-12-07	Russian Bot CLRMO
"146.70.107.20"	2025-12-07	Russian Bot CLRMO
"31.128.77.137"	2025-12-07	Russian Bot CLRMO
"37.120.156.42"	2025-12-07	Russian Bot CLRMO
"62.84.98.145"	2025-12-07	Russian Bot CLRMO
"45.132.186.235"	2025-12-07	Russian Bot CLRMO
"31.128.76.130"	2025-12-07	Russian Bot CLRMO
"87.249.132.109"	2025-12-07	Russian Bot CLRMO
"5.1.7.29"	2025-12-07	Russian Bot CLRMO
"69.16.145.159"	2025-12-07	Russian Bot CLRMO
"5.1.11.49"	2025-12-07	Russian Bot CLRMO
"188.130.219.139"	2025-12-07	Russian Bot CLRMO
"185.254.196.141"	2025-12-07	Russian Bot CLRMO
"31.128.76.0"	2025-12-07	Russian Bot CLRMO
"216.131.111.207"	2025-12-07	Russian Bot CLRMO
"31.128.162.98"	2025-12-07	Russian Bot CLRMO
"91.84.109.103"	2025-12-07	Russian Bot CLRMO
"173.234.100.250"	2025-12-07	Russian Bot CLRMO
"69.16.145.40"	2025-12-07	Russian Bot CLRMO
"144.76.163.245"	2025-12-07	Russian Bot CLRMO
"172.245.103.223"	2025-12-07	Russian Bot CLRMO
"104.168.92.81"	2025-12-07	Russian Bot CLRMO
"191.102.151.143"	2025-12-07	Russian Bot CLRMO
"170.130.115.132"	2025-12-07	Russian Bot CLRMO
"212.34.154.117"	2025-12-07	Russian Bot CLRMO
"195.26.227.70"	2025-12-07	Russian Bot CLRMO
"196.198.211.186"	2025-12-07	Russian Bot CLRMO
"69.16.145.39"	2025-12-07	Russian Bot CLRMO
"162.212.170.44"	2025-12-07	Russian Bot CLRMO
"194.87.220.73"	2025-12-07	Russian Bot CLRMO
"213.232.207.216"	2025-12-07	Russian Bot CLRMO
"107.158.95.42"	2025-12-07	Russian Bot CLRMO
"162.212.170.184"	2025-12-07	Russian Bot CLRMO
"170.130.115.233"	2025-12-07	Russian Bot CLRMO
"104.129.15.190"	2025-12-07	Russian Bot CLRMO
"69.16.145.52"	2025-12-07	Russian Bot CLRMO
"209.107.196.5"	2025-12-07	Russian Bot CLRMO
"216.131.105.153"	2025-12-07	Russian Bot CLRMO
"185.36.81.36"	2025-12-07	Russian Bot CLRMO
"94.102.49.46"	2025-12-07	Russian Bot CLRMO
"216.131.111.140"	2025-12-07	Russian Bot CLRMO
"69.16.145.213"	2025-12-07	Russian Bot CLRMO
"216.131.105.54"	2025-12-07	Russian Bot CLRMO
"69.16.145.190"	2025-12-07	Russian Bot CLRMO
"216.131.111.48"	2025-12-07	Russian Bot CLRMO
"45.84.107.128"	2025-12-07	Russian Bot CLRMO
"104.129.15.157"	2025-12-07	Russian Bot CLRMO
"107.172.181.234"	2025-12-07	Russian Bot CLRMO
"196.243.240.149"	2025-12-07	Russian Bot CLRMO
"185.21.12.95"	2025-12-07	Russian Bot CLRMO
"170.130.115.71"	2025-12-07	Russian Bot CLRMO
"5.1.9.205"	2025-12-07	Russian Bot CLRMO
"216.131.111.141"	2025-12-07	Russian Bot CLRMO
"64.238.203.210"	2025-12-07	Russian Bot CLRMO
"216.131.105.97"	2025-12-07	Russian Bot CLRMO
"216.131.111.13"	2025-12-07	Russian Bot CLRMO
"91.206.14.75"	2025-12-07	Russian Bot CLRMO
"69.16.145.129"	2025-12-07	Russian Bot CLRMO
"216.131.105.135"	2025-12-07	Russian Bot CLRMO
"216.131.105.61"	2025-12-07	Russian Bot CLRMO
"5.35.45.244"	2025-12-07	Russian Bot CLRMO
"185.121.232.229"	2025-12-07	Russian Bot CLRMO
"5.1.7.53"	2025-12-07	Russian Bot CLRMO
"89.110.99.186"	2025-12-07	Russian Bot CLRMO
"216.131.105.6"	2025-12-07	Russian Bot CLRMO
"216.131.105.177"	2025-12-07	Russian Bot CLRMO
"23.19.248.56"	2025-12-07	Russian Bot CLRMO
"154.16.69.88"	2025-12-07	Russian Bot CLRMO
"31.184.215.152"	2025-12-07	Russian Bot CLRMO
"216.131.114.221"	2025-12-07	Russian Bot CLRMO
"107.174.108.112"	2025-12-07	Russian Bot CLRMO
"216.131.114.137"	2025-12-07	Russian Bot CLRMO
"88.210.35.166"	2025-12-07	Russian Bot CLRMO
"94.181.165.225"	2025-12-07	Russian Bot CLRMO
"5.35.37.26"	2025-12-07	Russian Bot CLRMO
"91.84.114.150"	2025-12-07	Russian Bot CLRMO
"5.1.9.141"	2025-12-07	Russian Bot CLRMO
"91.84.114.45"	2025-12-07	Russian Bot CLRMO
"89.110.64.239"	2025-12-07	Russian Bot CLRMO
"64.238.203.228"	2025-12-07	Russian Bot CLRMO
"158.94.56.106"	2025-12-07	Russian Bot CLRMO
"23.108.44.162"	2025-12-07	Russian Bot CLRMO
"23.108.44.10"	2025-12-07	Russian Bot CLRMO
"50.3.167.61"	2025-12-07	Russian Bot CLRMO
"5.1.8.103"	2025-12-07	Russian Bot CLRMO
"216.131.105.183"	2025-12-07	Russian Bot CLRMO
"216.131.114.35"	2025-12-07	Russian Bot CLRMO
"216.131.114.82"	2025-12-07	Russian Bot CLRMO
"154.47.19.206"	2025-12-07	Russian Bot CLRMO
"23.108.86.126"	2025-12-07	Russian Bot CLRMO
"69.16.145.27"	2025-12-07	Russian Bot CLRMO
"216.131.105.176"	2025-12-07	Russian Bot CLRMO
"216.131.114.202"	2025-12-07	Russian Bot CLRMO
"31.128.162.108"	2025-12-07	Russian Bot CLRMO
"85.203.15.172"	2025-12-07	Russian Bot CLRMO
"5.1.9.33"	2025-12-07	Russian Bot CLRMO
"216.131.105.48"	2025-12-07	Russian Bot CLRMO
"216.131.114.173"	2025-12-07	Russian Bot CLRMO
"5.1.11.20"	2025-12-07	Russian Bot CLRMO
"216.131.105.171"	2025-12-07	Russian Bot CLRMO
"185.181.246.237"	2025-12-07	Russian Bot CLRMO
"188.130.129.189"	2025-12-07	Russian Bot CLRMO
"69.16.145.214"	2025-12-07	Russian Bot CLRMO
"5.1.9.102"	2025-12-07	Russian Bot CLRMO
"212.102.145.250"	2025-12-07	Russian Bot CLRMO
"89.110.114.187"	2025-12-07	Russian Bot CLRMO
"194.164.32.36"	2025-12-07	Russian Bot CLRMO
"147.135.40.104"	2025-12-07	Russian Bot CLRMO
"91.84.108.224"	2025-12-07	Russian Bot CLRMO
"89.110.108.109"	2025-12-07	Russian Bot CLRMO
"216.131.105.147"	2025-12-07	Russian Bot CLRMO
"216.131.105.31"	2025-12-07	Russian Bot CLRMO
"89.110.123.39"	2025-12-07	Russian Bot CLRMO
"5.1.8.79"	2025-12-07	Russian Bot CLRMO
"69.16.145.189"	2025-12-07	Russian Bot CLRMO
"23.129.64.219"	2025-12-07	Russian Bot CLRMO
"45.84.107.222"	2025-12-07	Russian Bot CLRMO
"216.131.105.164"	2025-12-07	Russian Bot CLRMO
"216.131.105.236"	2025-12-07	Russian Bot CLRMO
"216.131.105.206"	2025-12-07	Russian Bot CLRMO
"120.233.155.47"	2025-12-07	Russian Bot CLRMO
"205.185.222.135"	2025-12-07	Russian Bot CLRMO
"216.131.105.49"	2025-12-07	Russian Bot CLRMO
"175.4.8.54"	2025-12-07	Russian Bot CLRMO
"192.42.116.217"	2025-12-07	Russian Bot CLRMO
"112.35.70.139"	2025-12-07	Russian Bot CLRMO
"205.185.222.41"	2025-12-07	Russian Bot CLRMO
"104.248.249.189"	2025-12-07	Russian Bot CLRMO
"107.174.150.46"	2025-12-07	Russian Bot CLRMO
"216.131.105.30"	2025-12-07	Russian Bot CLRMO
"5.1.6.50"	2025-12-07	Russian Bot CLRMO
"51.210.112.19"	2025-12-07	Russian Bot CLRMO
"216.131.105.74"	2025-12-07	Russian Bot CLRMO
"37.252.15.23"	2025-12-07	Russian Bot CLRMO
"37.139.53.179"	2025-12-07	Russian Bot CLRMO
"89.110.67.233"	2025-12-07	Russian Bot CLRMO
"212.34.132.213"	2025-12-07	Russian Bot CLRMO
"5.3.219.55"	2025-12-07	Russian Bot CLRMO
"193.29.106.22"	2025-12-07	Russian Bot CLRMO
"185.21.13.251"	2025-12-07	Russian Bot CLRMO
"87.240.52.143"	2025-12-07	Russian Bot CLRMO
"200.10.37.42"	2025-12-07	Russian Bot CLRMO
"213.135.159.122"	2025-12-07	Russian Bot CLRMO
"194.34.248.88"	2025-12-07	Russian Bot CLRMO
"195.2.67.223"	2025-12-07	Russian Bot CLRMO
"188.235.162.116"	2025-12-07	Russian Bot CLRMO
"91.201.114.210"	2025-12-07	Russian Bot CLRMO
"209.209.11.236"	2025-12-07	Russian Bot CLRMO
"212.102.39.148"	2025-12-07	Russian Bot CLRMO
"178.159.37.16"	2025-12-07	Russian Bot CLRMO
"62.84.101.242"	2025-12-07	Russian Bot CLRMO
"92.100.20.136"	2025-12-07	Russian Bot CLRMO
"5.1.7.78"	2025-12-07	Russian Bot CLRMO
"217.138.216.116"	2025-12-07	Russian Bot CLRMO
"64.31.3.126"	2025-12-07	Russian Bot CLRMO
"212.102.39.196"	2025-12-07	Russian Bot CLRMO
"158.173.20.55"	2025-12-07	Russian Bot CLRMO
"37.139.53.46"	2025-12-07	Russian Bot CLRMO
"158.173.20.89"	2025-12-07	Russian Bot CLRMO
"5.1.1.105"	2025-12-07	Russian Bot CLRMO
"65.109.87.248"	2025-12-07	Russian Bot CLRMO
"161.129.136.7"	2025-12-07	Russian Bot CLRMO
"82.147.84.13"	2025-12-07	Russian Bot CLRMO
"152.58.114.45"	2025-12-07	Russian Bot CLRMO
"112.33.25.179"	2025-12-07	Russian Bot CLRMO
"135.181.129.78"	2025-12-07	Russian Bot CLRMO
"172.236.235.77"	2025-12-07	Russian Bot CLRMO
"65.108.77.102"	2025-12-07	Russian Bot CLRMO
"5.1.7.114"	2025-12-07	Russian Bot CLRMO
"190.111.162.246"	2025-12-07	Russian Bot CLRMO
"146.103.112.239"	2025-12-07	Russian Bot CLRMO
"37.139.53.32"	2025-12-07	Russian Bot CLRMO
"37.139.53.226"	2025-12-07	Russian Bot CLRMO
"109.248.204.172"	2025-12-07	Russian Bot CLRMO
"83.221.20.209"	2025-12-07	Russian Bot CLRMO
"91.184.244.62"	2025-12-07	Russian Bot CLRMO
"2.59.50.39"	2025-12-07	Russian Bot CLRMO
"188.130.129.14"	2025-12-07	Russian Bot CLRMO
"46.8.11.250"	2025-12-07	Russian Bot CLRMO
"195.3.223.235"	2025-12-07	Russian Bot CLRMO
"82.147.84.12"	2025-12-07	Russian Bot CLRMO
"46.62.252.223"	2025-12-07	Russian Bot CLRMO
"45.128.199.148"	2025-12-07	Russian Bot CLRMO
"91.84.127.68"	2025-12-07	Russian Bot CLRMO
"144.124.253.85"	2025-12-07	Russian Bot CLRMO
"86.102.19.68"	2025-12-07	Russian Bot CLRMO
"51.83.239.94"	2025-12-07	Russian Bot CLRMO
"212.56.48.9"	2025-12-07	Russian Bot CLRMO
"46.202.218.5"	2025-12-07	Russian Bot CLRMO
"181.214.206.162"	2025-12-07	Russian Bot CLRMO
"46.36.220.6"	2025-12-07	Russian Bot CLRMO
"181.214.206.157"	2025-12-07	Russian Bot CLRMO
"91.84.121.201"	2025-12-07	Russian Bot CLRMO
"134.199.159.23"	2025-12-07	Russian Bot CLRMO
"181.214.206.140"	2025-12-07	Russian Bot CLRMO
"144.124.238.85"	2025-12-07	Russian Bot CLRMO
"158.173.20.103"	2025-12-07	Russian Bot CLRMO
"46.8.17.44"	2025-12-07	Russian Bot CLRMO
"185.129.62.63"	2025-12-07	Russian Bot CLRMO
"212.56.48.103"	2025-12-07	Russian Bot CLRMO
"46.8.22.96"	2025-12-07	Russian Bot CLRMO
"181.214.206.103"	2025-12-07	Russian Bot CLRMO
"5.1.8.215"	2025-12-07	Russian Bot CLRMO
"158.173.21.103"	2025-12-07	Russian Bot CLRMO
"37.139.53.20"	2025-12-07	Russian Bot CLRMO
"37.139.53.84"	2025-12-07	Russian Bot CLRMO
"37.139.53.202"	2025-12-07	Russian Bot CLRMO
"158.173.21.167"	2025-12-07	Russian Bot CLRMO
"46.161.7.167"	2025-12-07	Russian Bot CLRMO
"5.1.11.248"	2025-12-07	Russian Bot CLRMO
"91.84.124.42"	2025-12-07	Russian Bot CLRMO
"69.16.145.123"	2025-12-07	Russian Bot CLRMO
"212.56.48.155"	2025-12-07	Russian Bot CLRMO
"91.184.245.127"	2025-12-07	Russian Bot CLRMO
"185.223.152.58"	2025-12-07	Russian Bot CLRMO
"3.149.246.254"	2025-12-07	Russian Bot CLRMO
"158.173.20.73"	2025-12-07	Russian Bot CLRMO
"103.60.12.66"	2025-12-07	Russian Bot CLRMO
"158.173.20.24"	2025-12-07	Russian Bot CLRMO
"144.124.249.111"	2025-12-07	Russian Bot CLRMO
"188.130.221.106"	2025-12-07	Russian Bot CLRMO
"45.67.229.31"	2025-12-07	Russian Bot CLRMO
"45.11.20.111"	2025-12-07	Russian Bot CLRMO
"146.103.115.7"	2025-12-07	Russian Bot CLRMO
"143.58.144.105"	2025-12-07	Russian Bot CLRMO
"144.124.226.124"	2025-12-07	Russian Bot CLRMO
"188.130.129.69"	2025-12-07	Russian Bot CLRMO
"2.59.50.17"	2025-12-07	Russian Bot CLRMO
"46.8.22.71"	2025-12-07	Russian Bot CLRMO
"188.130.143.112"	2025-12-07	Russian Bot CLRMO
"109.248.204.72"	2025-12-07	Russian Bot CLRMO
"158.173.21.65"	2025-12-07	Russian Bot CLRMO
